{
  "train_acc": [
    0.3153029784320438,
    0.39164669633687094,
    0.46319753509072237,
    0.5131804176651832,
    0.5501540568298527,
    0.594317014720986,
    0.6391646696336871,
    0.6699760356042451,
    0.7127695994522424,
    0.74871619308456,
    0.7829510441629579,
    0.797672030126669,
    0.8007531667237248
  ],
  "val_acc": [
    0.4440894568690096,
    0.4520766773162939,
    0.5111821086261981,
    0.5287539936102237,
    0.547923322683706,
    0.549520766773163,
    0.547923322683706,
    0.547923322683706,
    0.560702875399361,
    0.5591054313099042,
    0.5463258785942492,
    0.5543130990415336,
    0.5894568690095847
  ],
  "train_loss": [
    1.8065764893422211,
    1.607836259536639,
    1.4803104486861731,
    1.3718127591991556,
    1.2701914021401333,
    1.1534635151561894,
    1.0324053562968643,
    0.9505423014542718,
    0.8682624809265586,
    0.7458329007915627,
    0.6418029374854509,
    0.619090599966619,
    0.6064768932996574
  ],
  "val_loss": [
    1.4594432489507516,
    1.4395209353440885,
    1.4186673431069987,
    1.3931868873109483,
    1.3749485361348293,
    1.43595692273348,
    1.5536503608154644,
    1.6315159812617075,
    1.765182388362113,
    1.9062795415402027,
    2.049910099711269,
    2.002597457165741,
    2.058549701305889
  ],
  "train_f1": [
    0.28745397991359223,
    0.3613905823594594,
    0.4377163467941683,
    0.48645201977726943,
    0.5371052409176699,
    0.5833801034708269,
    0.6327462509148358,
    0.6741111577758853,
    0.7135007630840073,
    0.7559879407475814,
    0.785764906862371,
    0.8059306890535124,
    0.8095840458187819
  ],
  "val_f1": [
    0.3791275902369444,
    0.4241906850641586,
    0.48922289674565694,
    0.5088757044948452,
    0.5296989011589109,
    0.5311717872566757,
    0.5305031220396426,
    0.5377079812083112,
    0.5522398816964044,
    0.553123527519706,
    0.5394695903492241,
    0.5521083035725809,
    0.5858286612915832
  ]
}